name,type,latitude,longitude
A&D Bentea Forest ,LOG,45.59076,26.874682
Adicen Impex,LOG,45.495728,25.331089
Ambrus J. Csaba Danesti,LOG,46.50896,25.735799
Aprofa,LOG,46.307555,25.944987
Asan Com ,LOG,46.494328,26.373532
B&C Explo For,LOG,47.100995,26.046184
Bae Forex Catalina,LOG,45.96826525,26.14734241
Barczenfor ,LOG,45.54553,25.50706
Bion Silv ,LOG,45.451785,26.330477
Bracovex ,LOG,45.79157,26.131172
Brum Wood ,LOG,46.698181,26.654859
Cata Elena Trans Gresu,LOG,45.952222,26.527222
Cata Elena Trans Vidra,LOG,45.907222,26.923333
Cheile Gradistei ,LOG,45.4868,25.3216
Comlemn ,LOG,45.851944,27.047222
Cosmo Ceramica ,LOG,45.258333,25.753611
Casablanca ,LOG,46.35714,25.50638
Cekend Com ,LOG,46.34461,25.39844
Danfor ,LOG,45.501165,25.334512
Danmira Lemn ,LOG,45.718055,27.164444
Damacrist Forest ,LOG,46.417205,26.465094
Detroit City ,LOG,46.8011346,25.4783594
DMA 11 Forest ,LOG,45.456111,26.368611
Dragoforest ,LOG,46.532427,26.073641
Emirad Top,LOG,47.032083,25.302866
Est Vest Forest,LOG,46.916388,26.187222
Esterer,LOG,46.51199,25.157169
Exfor,LOG,45.193055,25.442777
1Darmex Impex 1,LOG,46.424678,26.405983
Explosilva,LOG,45.206514,26.731816
Exploturism,LOG,47.141347,25.858343
Dep Caiuti,LOG,46.186282,26.92805
Fez-Zoltan,LOG,45.931364,26.267617
Fides Impex ,LOG,45.980487,26.26118
Etna,LOG,46.644759,26.567086
Forest Montan,LOG,45.734214,24.934032
Forest Volt ,LOG,46.039458,26.141898
Formobi Construct ,LOG,45.181168,25.960487
Ful Prod Company ,LOG,46.358133,25.538379
Hagiu Forest,LOG,45.53223,26.11457
Helikon ,LOG,45.917655,26.291268
Ibisz Forest,LOG,46.354137,25.964123
Exim Wood,LOG,46.164196,26.728309
Incomixt,LOG,46.597712,25.799772
K M Import Export ,LOG,45.926326,25.797512
Kafor Company,LOG,46.50204,25.355405
Larix Forcomprod ,LOG,46.320686,25.954256
Lemnza Transcom,LOG,46.490329,25.74097
Limsilva Forest,LOG,45.717469,27.165621
Lyador Forexpres,LOG,45.91,26.66694
M Forest Productie Trust ,LOG,45.436978,26.310252
Lorecom,LOG,47.06755,25.489445
Miamar Service,LOG,47.057985,25.500008
Migab Forest,LOG,45.3248148,25.7268759
Mitica Lemn 1,LOG,47.141347,25.858343
Multistar,LOG,45.43873,26.311187
Opra Laszlo Intrep. Individuala.,LOG,46.344318,25.47119
Expoptim Forest,LOG,46.116481,26.658519
1Palex,LOG,46.726314,25.624446
Petrus Prod ,LOG,47.172476,25.788657
Pricoforest ,LOG,47.228316,26.092557
Prod Baroti ,LOG,46.56084,25.79026
Pseudotsuga ,LOG,46.445559,25.846153
Pufvas,LOG,46.90736,26.08201
Ramco Forest,LOG,45.553611,26.919444
Florinvest,LOG,46.431504,26.414397
Rodvas Comforest,LOG,46.018173,26.686196
Sculptura Bakancs,LOG,45.931961,26.269747
II Emocke Radu,LOG,46.338579,24.405408
Stadial Exim,LOG,46.044452,26.256669
Rapid Forest ,LOG,46.34461,25.39844
PADEL Forest,LOG,46.163629,26.726684
Transport Adi,LOG,46.502043,25.534115
Trans Burlacu,LOG,45.560609,26.890184
Translemn YMG ,LOG,46.8416,25.8972
Tomadis,LOG,46.914905,25.739949
Turforest,LOG,45.42374,25.324414
Urs Forest Piatra Soimului,LOG,46.830277,26.495277
Validum,LOG,47.210555,26.336944
Zsombor ,LOG,46.160506,25.562023
Vicfor,LOG,45.351815,25.255872
Silva Tit,LOG,46.489233,26.493914
Vindex,LOG,46.33648,25.971165
1Stefana Forest APA,LOG,46.505371,26.371225
Vilagi Trans,LOG,46.442528,26.896039
Vortex,LOG,46.374159,26.498564
Windex Comert ,LOG,45.927756,26.270371
Wood Bradul CO ,LOG,47.000475,25.374129
GirotimProdSRL,LOG,47.2356,25.3202
ForestVim,LOG,47.920166,25.58445
Exiforest,LOG,47.910375,25.483102
Cip&Iony,LOG,47.910205,25.483372
CostGeo,LOG,47.8919,25.428519
Iliceanu,LOG,47.910922,25.53065
DAVJOHNALY,LOG,47.539663,25.50898
Foril,LOG,47.53948,25.509783
Oticonst,LOG,47.539122,25.509622
Rancanar,LOG,47.538536,25.388272
Yanador,LOG,47.537616,25.387066
Forest Ile,LOG,47.894186,25.607538
Ioswick,LOG,47.898211,25.589861
Vasboro,LOG,47.896319,25.582952
Indmar,LOG,47.794927,25.772797
SihastriaEtora,LOG,47.845497,25.563169
VasRod,LOG,47.867375,25.613975
Calmar,LOG,47.81888,25.835352
GTMExpres,LOG,47.819805,25.834291
HolzTransport,LOG,47.81843,25.842775
Norgat,LOG,47.379994,25.987916
Andricip,LOG,47.458966,26.147577
ForexSageata,LOG,47.419738,26.057872
Arinasuldaf,LOG,47.310294,25.207968
Noridordaf,LOG,47.313394,25.214075
Sifon Trans Com,LOG,47.601907,25.638105
Flob,LOG,47.430891,25.304158
Ovitools,LOG,47.697633,25.513127
Forexport,LOG,47.165261,25.804297
Aida Best Construct,LOG,47.253836,25.37379
PrintisorulComProd,LOG,47.366023,25.129236
CatalinaDoc,LOG,47.728808,25.523366
BiomasaEnergyLemn Doroteia,LOG,47.491838,25.78573
DanGigi,LOG,47.654658,25.563575
Hankco,LOG,47.18512,25.551491
For Bib C M ,LOG,47.872691,25.394708
DelcomForest,LOG,46.995738,26.419286
EstVestForest,LOG,46.916658,26.187444
Lazforesta,LOG,46.813952,26.522388
Mistemos,LOG,47.229755,26.263869
RazvanForest,LOG,47.199652,26.019069
UrsForestPiatraSoimulus,LOG,46.830455,26.495297
Valiforest,LOG,47.236138,26.077961
Toty&Nelforest,LOG,47.165088,25.803238
Intermar,LOG,47.221652,25.288775
DecorCasaProd,LOG,47.249213,25.339827
Petrovel,LOG,47.170262,25.798108
TofanEtaImpex,LOG,47.225302,25.751569
Teovas,LOG,47.390925,25.743922
AdenisPard,LOG,47.347311,25.326586
Anel,LOG,47.909113,25.693369
Petcor,LOG,47.915775,25.65575
AdiVer,LOG,47.537761,25.38295
OS DornaCandrenilor,LOG,47.312311,25.130413
PinExport,LOG,47.183947,25.554975
Austro Somes Trading D. Mures,LOG,46.789454,24.730484
Amprenta Design,LOG,46.786189,24.727049
Benitrans,LOG,46.960255,22.84306
CMV FOREST,LOG,46.75584,23.37357
COSTEL CONSTRUCT,LOG,46.536498,23.726511
CORION FAG FOREST,LOG,47.20039,23.318067
DARIEXPLO,LOG,46.956301,25.114001
Darion Bradatelu,LOG,46.756767,25.05358
DINFOREST Bistra,LOG,46.961511,24.906667
EUCALIPT PRODCOM,LOG,46.900742,24.808114
EUROCIP IMP EXP 1 Bologa,LOG,46.859332,22.867148
FOREST LAND,LOG,46.86438,23.036671
Floridor Impex,LOG,47.083157,22.222378
GELUTRANSEXPLOR,LOG,46.76296,24.692067
HORNFOREST,LOG,46.759411,25.037928
IMIOCOM,LOG,46.79879,24.963735
LUPUTRANS,LOG,46.778041,24.728216
MIDWEST COM,LOG,46.771082,24.843193
OCSI FOREST,LOG,46.780086,24.728074
OLIION FOREST,LOG,46.97093,25.148335
PETRYCRIS,LOG,46.760231,25.031278
RADAN SERV,LOG,46.95372,25.09876
Strinapoli,LOG,46.087631,22.026086
VIPTRANS,LOG,46.771508,24.841574
Balindru,LOG,45.439343,23.941615
Dobos,LOG,45.718058,24.082458
Ema Silva Depozit Sebes INCHIS,LOG,45.945325,23.557544
Expogedava,LOG,45.378367,23.993762
Expotrans NMN,LOG,45.94253,23.557271
Florest Radutiu,LOG,45.612854,24.025049
Forest Group,LOG,45.675874,24.218781
Gater Concept,LOG,45.165895,24.846769
Generaly Crys Trans,LOG,45.17252,24.68072
Hlv Transilvania,LOG,45.968571,23.558706
Holz Impex,LOG,45.741038,23.982275
Ioni Forest,LOG,45.74079,23.98265
Lenory,LOG,45.368194,24.011303
LTC Transilvania,LOG,45.718095,24.082856
Ludfor,LOG,45.752418,23.976973
Mario Forest,LOG,45.64238,24.089279
Marytrans Cis,LOG,45.65728,24.27355
Miradex,LOG,45.340516,24.277526
Mirubrad,LOG,45.4289758,23.9801459
Mosneni Mlaceni,LOG,45.387264,24.438252
Nival Com,LOG,45.64246,24.089766
OS Miercurea SB,LOG,45.961209,23.580378
OSP Gura Raului,LOG,45.716131,23.943753
Pado Prod,LOG,45.353784,24.032966
Padurea Neagra,LOG,45.61499,24.04321
Pantuta,LOG,45.657148,24.272571
Pinu Import Export,LOG,45.761402,23.973561
Platanus,LOG,45.429913,23.939748
Priboioasa,LOG,45.349767,24.142633
Silva Forest Company 1  Curatele,LOG,45.68059,24.163917
Silvacom Impex,LOG,45.945557,23.559088
Simicom,LOG,45.763334,23.97758
Sircomsim,LOG,45.763616,23.978469
Sorinvest,LOG,45.675785,24.229917
Trans Iacob,LOG,45.328564,24.193759
Aldona Prest,LOG,45.831356,22.959355
Alredia+Lacul Codrilor depozit Aiud,LOG,46.307338,23.734063
Alredia si Lacul Codrilor depozit Sebes,LOG,45.971314,23.558816
Alredia+Lacul Codrilor depozit Vintu,LOG,45.990559,23.50486
Andsilva,LOG,45.19352,22.346759
Alindana Petrila,LOG,45.437992,23.415706
Alindana,LOG,45.412682,23.411668
Cef Impex,LOG,45.969164,23.568948
Colcear Servcom,LOG,45.521459,22.401139
Comexim -R,LOG,45.34358,23.176917
Dora,LOG,46.062451,23.584065
SUSPENDAT Explonel Nucsoara,LOG,45.48573,22.926911
Fincon Flora,LOG,45.851913,23.364283
Impex Transcom Magura,LOG,45.502685,23.11568
Imperial PG 1 Petrosani,LOG,45.417189,23.360588
Iulian Transfor Petrila 2,LOG,45.450714,23.406629
Minelta Silcom,LOG,45.418882,23.419349
Mirion Prodfor,LOG,45.512309,23.094787
NelutuProdcom,LOG,45.512309,23.094787
Rinirea,LOG,45.513155,22.785601
Sapcea,LOG,45.880812,23.362563
Sebiforest Trans,LOG,45.605672,22.95417
Stefan Forest Dobra,LOG,45.76737,23.64389
Surianu Prodcom,LOG,45.455834,23.415855
Susai Servcom,LOG,45.519462,22.402385
Trans FNC,LOG,45.503413,23.114154
Transalpina Fan,LOG,45.960886,23.514412
Aldro Forest,LOG,47.131563,24.692212
Autosomes ,LOG,47.383374,24.69389
Delusandmari ,LOG,47.491802,24.743908
Fab Prod Com ,LOG,46.514433,25.157715
Forest Pragmatic ,LOG,47.420738,24.765659
Forest Pragmatic ,LOG,47.420738,24.765659
Good Forest,LOG,47.580505,24.422169
Log House Construct,LOG,47.469042,24.955345
Manvio Forest,LOG,47.383374,24.69389
Nim-Forest,LOG,47.386106,24.704656
Petronevax,LOG,47.215019,24.751556
Romtrans Cristin,LOG,47.425625,24.812571
Salemn Pioras,LOG,47.449973,24.808279
Valea Ilvei,LOG,47.36417,24.871776
Vasiflorilia,LOG,47.438402,24.765794
Zadorsim,LOG,47.212261,24.751595
I.F. Zaharie Maria,LOG,47.212261,24.751595
"Austro Somes Trading D. Maieru, Anies",LOG,47.415866,24.774082
Austro Somes Trading D. Nasaud,LOG,47.293165,24.382603
Austroforest VL Stanii,LOG,47.551332,25.160043
Bib Explo Tur SRL,LOG,47.494458,24.235523
Lucasion SRL,LOG,47.39187,24.364403
Cvasciuc SRL,LOG,47.52387,24.022787
Karlsberg Prod SRL,LOG,47.911905,25.538675
00 LOGYARD lipsa,LOG,,
PDL Susenii Bargaului,LOG,47.218454,24.713292
PDL Vatra Dornei,LOG,47.380317,25.323786
Gerex Pietroasa,LOG,47.227191,25.747853
Austroforest Vatra Dornei,LOG,47.346588,25.365822
Cumar Com,LOG,47.813516,25.823961
Denidari Trans dep Argestru,LOG,47.367453,25.344839
Eli Construct Vilsan,LOG,45.165298,24.795455
Grup Diana Forest,LOG,45.265973,25.197916
Bilan Paul II,LOG,47.827819,24.410189
Bib Explo Tur,LOG,47.82946,24.39961
Forest Pop Ivan,LOG,47.849442,24.407253
Concret Montain,LOG,47.683243,24.715833
Danidum SRL,LOG,47.683123,24.715815
Dencova,LOG,47.863962,24.186605
Lucasion,LOG,47.655639,24.611522
Marduvep,LOG,47.721168,24.46893
Nova Artis Fabrica,LOG,47.713132,24.417727
Nova Artis Vaser ,LOG,47.715362,24.441613
Rocosma SRL,LOG,47.82235,23.929468
Ro Tudic SRL,LOG,47.781017,24.272982
Cvasciuc SRL,LOG,47.52387,24.022787
Martriplex SRL,LOG,47.750735,23.825247
Trecicapevas SRL,LOG,47.84128,24.491428
Bautim SRL,LOG,47.776493,24.284373
Poienaru Vim,LOG,47.842015,24.491523
Remundiakrem SRLD,LOG,47.832792,24.474648
Polianske Derevo,LOG,47.82933,24.400745
Team Wood Construct,LOG,47.783222,24.262762
Horber Borsa,LOG,47.655906,24.617286
Timlem,LOG,47.756157,24.174372
Timlem,LOG,47.636509,24.736067
Atlantis,LOG,47.655132,24.525802
Birsan Lemn,LOG,47.813001,24.067631
Brandfor Man,LOG,47.656111,24.611977
Catarama SRL,LOG,47.661924,24.671806
Dudman Serv,LOG,47.653824,24.565194
Fintina Stanchii SRL,LOG,47.656165,24.65212
Ivnist Com Prod,LOG,47.579162,24.42141
Lucfor Com,LOG,47.655299,24.610979
Marsilforest SRL,LOG,47.543396,24.442928
Natsis Co,LOG,47.6419,24.522715
Petcris Lemn,LOG,47.684148,24.79578
Tulean Forest ,LOG,47.631194,24.443953
Valcanescu,LOG,47.656129,24.611102
Vlad Stejerelul,LOG,47.656412,24.365011
SUSPENDAT  Ema Silva dep. Obarsia Lotrului,LOG,45.43544,23.628452
INCDS Baza experimentala,LOG,45.411964,22.240398
Susenii Bargaului HSR,LOG,47.218648,24.713015
ESR Total,LOG,44.977656,24.943317
OS Cugir depozit,LOG,45.844019,23.368414
Euseb SRL,LOG,47.209167,26.405613
Ynacor Dam,LOG,47.187185,25.534807
Telci Molid I,LOG,47.530845,24.407146
Telci Molid II,LOG,47.533351,24.417264
Davidim Trans Dep Argestru,LOG,47.368031,25.344884
Salem Boldis,LOG,47.425625,24.812571
NORIDOR,LOG,47.313635,25.213709
DECOR CASA PROD COM,LOG,47.24931,25.33979
Chirica Com,LOG,47.147614,25.485385
Bicajel,LOG,46.823625,25.853403
Betti Com,LOG,46.805998,25.503851
Bilprod Wood,LOG,47.045447,25.490254
Costica  Company,LOG,47.06739332,25.48372058
Luca Elvirig,LOG,47.161569,25.818446
Malinic,LOG,45.680907,26.04325
Modern Barokk,LOG,46.193519,25.916557
Voicilas,LOG,45.190774,26.040739
Monteclas,LOG,45.85629,26.147981
Pop Maria,LOG,47.044949,25.490114
Rovidana,LOG,46.950001,25.375119
Swerom,LOG,46.451721,25.76777
Tamas Berni,LOG,46.872897,25.681903
UniRom Forest,LOG,46.499278,26.200565
1Vag Oil International Lepsa,LOG,45.951667,26.574241
Rar Forest,LOG,45.943533,26.478324
T T company,LOG,46.333285,25.963442
Romdam,LOG,45.661179,26.066334
Lignum,LOG,46.354212,26.434967
Anymarilen,LOG,47.226629,24.743466
Horforest,LOG,45.638528,25.999043
Ciambur,LOG,45.858335,26.176861
Alemais,LOG,46.513532,25.155029
GT Green Gold,LOG,45.499859,26.435375
Lavione Tex,LOG,47.418125,24.789682
Dragan Comert,LOG,46.887752,22.825246
First Elia Tom 1 Curtea de Arges,LOG,45.182514,24.669251
Profi Tibe,LOG,46.961255,24.906039
OS Sfanta Maria,LOG,46.784262,22.68138
Valmel Star,LOG,46.21488,23.682977
Explonel Baiesti,LOG,45.541637,23.000742
Liovic Transprest,LOG,47.239433,26.073904
Unilemn,LOG,45.470244,24.328709
Loben Expert,LOG,47.745983,25.508535
OS Crucea Dep Barnar,LOG,47.286242,25.630568
OS Crucea Dep Crucea,LOG,47.353574,25.608003
Baltri Forest,LOG,45.381057,21.758421
SV Mirfor,LOG,45.258726,22.294273
Bax Trans,LOG,45.67539,24.194623
DCMM Colect Product,LOG,44.977701,24.943342
Argela Universal,LOG,47.76261,25.44049
Bitca Niculae,LOG,47.16523,25.80327
Mitru Danut Trans Impex,LOG,47.83415,24.397595
Etcu Explo,LOG,47.760315,25.852283
Alredia si Lacul Codrilor Ozun,LOG,45.803914,25.83943
Taf Com,LOG,46.668418,25.798948
Tatar Butka,LOG,46.806326,25.49009
Clax Forest,LOG,47.143986,25.804542
Ipa Company,LOG,46.352824,25.286102
Henorag,LOG,46.449681,25.84461
Mesar,LOG,45.751391,25.008486
L&SZ,LOG,45.947587,26.216018
BiomasaEnergyLemn Frasin,LOG,47.529644,25.798707
Rebforest,LOG,47.785795,25.764066
OS Vaduri,LOG,46.917965,26.19044
Pall Dom,LOG,46.208877,25.908316
1Cedrus Baum,LOG,46.292741,25.850975
Harzoly,LOG,46.207121,25.901423
Molidul Impex,LOG,45.31298,26.357058
IKER,LOG,46.738559,25.522286
Explosiv Group,LOG,46.267935,25.883016
MRD Forest,LOG,47.053444,25.897688
Emil Com,LOG,46.94018,25.369005
Benedek Forest Sanmartin,LOG,46.267566,25.938825
Lavione Tex dep Sieu,LOG,46.999555,24.618189
I.I. Husanu Constantin ,LOG,47.363538,26.265639
Ady ,LOG,45.262216,24.529005
Narilserv,LOG,47.72683,25.5228
Maistru Sif Trans Com,LOG,47.59737,25.62519
Laurman Digis,LOG,47.64604,25.63501
Petrifor,LOG,47.76118,25.45497
Bogdan Ciciou,LOG,47.858743,23.41423
Sildadfor ,LOG,47.182177,24.806392
Forgavpi Company,LOG,47.213942,24.850112
Asirex Star ,LOG,47.2192,24.710652
Bozga Forest,LOG,47.22433,24.817005
Grifor Serv,LOG,47.246337,26.644211
Carpenul Pipirig,LOG,47.199104,25.990003
Titi Mari,LOG,45.771296,26.122927
Limsilva Dep. Musina,LOG,45.797337,26.621895
HSR Sebes,LOG,45.967051,23.549247
1Prod For,LOG,45.424847,26.302848
Geo Sylv Nik,LOG,46.494255,26.373779
Dako Alfa Impex,LOG,46.193369,25.914074
Myroforest,LOG,45.292606,25.996052
Austroforest D. Stulpicani,LOG,47.45224,25.73155
Agis Com,LOG,46.36191,25.951979
Ludfor Oasa,LOG,45.60012,23.654319
Servicii Forestiere MD,LOG,47.55229,25.940248
Faustino,LOG,47.638563,25.512328
EFFER COM ,LOG,47.23284,25.38139
WOLFVAL,LOG,47.3795,25.32332
Ciador Beauty Center,LOG,47.249224,25.319749
Alfadin Mestera,LOG,46.966789,25.195594
Marsinca Truck,LOG,47.782224,24.269697
Hsr Reci Depozit temporar Potoci,LOG,46.97604,26.1163
Petromobex Impex,LOG,47.364219,24.87177
Lemncer Forest,LOG,47.226532,24.739
Asirex Star Carlibaba,LOG,47.573351,25.123883
HSR Radauti,LOG,47.85421268,25.96863946
Vima Tofi,LOG,46.426934,25.236846
Comtrans,LOG,47.241225,25.018302
PMV Distribution,LOG,46.209617,26.659672
OS Brates,LOG,46.936697,26.092058
Formont,LOG,46.062466,23.584078
Forest Funghi,LOG,45.424484,22.661969
Tuc Bagiu,LOG,47.315868,24.835398
Iogab,LOG,47.208503,24.860912
Costi Nic ,LOG,45.311881,23.076275
Bogdan Pibb,LOG,45.357055,25.166075
Gabmaer,LOG,47.5372358,25.5100333
Lacela Prod Com,LOG,47.689956,25.240969
Productie Kreivin,LOG,45.942567,26.22322
Edy Trans,LOG,45.865999,25.815418
1Vag Oil International Candesti,LOG,45.54315,27.09187
OS Vama Depozit Dragosa,LOG,47.61841,25.61239
OS Vatra Dornei Dep Colbu,LOG,47.421391,25.515487
OCSI FOREST Lapusna,LOG,46.76961,25.21494
REAL DOC FOREST,LOG,45.971473,23.558228
Denudor,LOG,45.952627,26.523968
ProiectArt 2007,LOG,45.798709,26.6261533
Carlexim Polovragi,LOG,45.16701,23.793767
OS Gura Raului,LOG,45.716324,23.941544
OS Lignum,LOG,46.354765,26.437535
Carpatkub,LOG,45.8479,26.164928
Robifor,LOG,46.540884,26.204042
Trans Carpat,LOG,46.262791,26.76363
Dacocip,LOG,47.092424,25.980055
Matvis,LOG,45.051989,25.9005737
Impero Forest,LOG,45.402293,24.298376
Arcom Tondy,LOG,46.19632,26.05558
Marsik Wood Srl,LOG,45.640087,26.09608
Abies Forte Srl,LOG,46.453218,25.769871
Pomisoul,LOG,47.727975,24.459862
Alfadin  Bistra,LOG,46.961118,24.90582
Moiseflar Carlibaba,LOG,47.556879,25.160116
Bradul C M,LOG,47.872754,25.394717
Affor Alpin,LOG,45.511695,25.363324
Eldo Turism depozit Mestecanis,LOG,47.451862,25.3392722
OS Stulpicani,LOG,47.456704,25.70221
Gyorgy L. Tibor SRL,LOG,46.438563,25.743239
Codrii Zarandului OSP,LOG,46.403272,22.249612
Vor Zakone 1,LOG,47.685557,24.714738
Hingan Explocom,LOG,47.023898,25.491837
Cargo Razella,LOG,45.376073,26.170059
Alex and Vali,LOG,47.3784,25.3256
Explosiv Group Covasna,LOG,45.858604,26.15417
Sirva Tour SRL,LOG,46.205426,26.874521
Tutu Company SRL,LOG,46.4167,26.456246
Rabin Consul Impex,LOG,47.184179,25.790168
After Center,LOG,46.739931,25.528426
Alexforcam Dep. Stulpicani,LOG,47.452285,25.73048
Cosminel Com,LOG,47.331918,25.465212
Bradutul Polec ,LOG,47.730027,25.52005
Sentaru Forest,LOG,47.836273,23.388335
Alexforcam Dep. Sant 1,LOG,47.44056,24.86072
Alexforcam Dep Sant 2,LOG,47.4406,24.86468
Benedek Forest Armaseni,LOG,46.356512,25.964363
Logyard,LOG,47.777631,24.276621
Explo Cheia Rucar,LOG,45.70827,25.204535
Ambrus J Csaba Tomesti,LOG,46.552829,25.783441
Crund Silva,LOG,47.89505,25.606033
OS Cindrel Orlat,LOG,45.76269,23.962981
OS Cindrel Cristian,LOG,45.792978,24.043638
VCM Prod Impex,LOG,47.458085,23.834457
Ratnyk Asau,LOG,46.45169,26.4008
Nastititi,LOG,47.399367,25.759489
Cascade Empire,LOG,47.209265,25.275769
Comert Tutti,LOG,45.829821,26.122299
Liliodendron,LOG,47.366818,24.66708
Vecovas Srl,LOG,47.540368,25.508346
Petrovel 2,LOG,47.180812,25.782691
Lacusta Prod Com,LOG,47.466777,26.155827
TRANSILIS FOREST,LOG,47.456999,26.093522
Moldotour Forest,LOG,47.545338,24.441932
Tudforest 2009,LOG,45.756308,24.825451
Sabyval Wood 1,LOG,47.44056,24.86072
Sabyval Wood 2,LOG,47.4406,24.86468
Rapid Forest Bancu,LOG,46.299073,25.943244
Forest Elaviv,LOG,47.695982,24.695854
Edrom Gold,LOG,46.757859,25.517488
A&D Bentea Forest Dumitresti,LOG,45.559873,26.884831
Adorjan Fenyo,LOG,46.355518,25.961868
God Star,LOG,47.544662,24.443858
Relvam Forest Srl,LOG,47.548668,25.942981
Romforest,LOG,45.718301,27.054374
A Ital Cosnea,LOG,46.431766,26.078825
OS Comanesti Depozit Negru,LOG,46.610034,26.266235
OS Manastirea Casin,LOG,46.113079,26.654046
Ray Wood Exploatare,LOG,47.529717,25.798907
OS Pipirig,LOG,47.24822,26.057305
Bradwood ,LOG,47.33802,26.32257
OS Borca Depozit Sabasa,LOG,47.217636,25.841271
Doi Vulpoi,LOG,47.874256,23.944242
Bradul Maneciu,LOG,45.298266,25.990885
Forest Vim,LOG,47.920163,25.584944
Caruselu,LOG,47.432178,24.401245
GreenGold Forest Value depozit Maneciu,LOG,45.29555,25.97308
1Mari si Mada temporar Sercaita,LOG,45.708418,25.1114893
Valentin Alina,LOG,45.5912682,25.4334948
Tilan Granit,LOG,46.792966,25.445169
Dampi Pallets,LOG,47.580977,26.062902
Agrosomes Unic,LOG,47.383374,24.69389
Raluxia,LOG,45.517871,24.278004
Laurean,LOG,46.062074,23.58783
Albin Tery trans Dulcea,LOG,46.760494,25.02899
Harghita Timber,LOG,46.522982,25.742197
Depozit Potoci HSR,LOG,46.97604,26.1163
Murgoi,LOG,45.509707,23.126724
Ascunsu ,LOG,47.909197,25.46572
Leopet Com,LOG,47.837308,24.196615
Davidim Trans Dep Dragoiasa,LOG,47.16266,25.44017
Topoleu,LOG,47.864562,24.193213
Pazzoti Euro,LOG,46.497433,25.750575
Iulian Transfor Petrila,LOG,45.439102,23.413272
Danada Petrosani,LOG,45.423655,23.3586
Banaforest Mar,LOG,45.560065,26.884923
Transforest Mis INCHIS,LOG,45.484048,23.035707
Fury Forest,LOG,47.89648,25.60692
Antovladi Company,LOG,47.095214,25.976956
OS Carlibaba,LOG,47.572926,25.121845
Andrei & Dumitrita,LOG,46.759411,25.037928
Andrei & Dumitrita Reghin,LOG,46.788048,24.7293
Emivas,LOG,47.18694,25.42549
Matecrisbert,LOG,45.950625,26.49601
Rumipet,LOG,47.169859,25.7997
OS Tulghes,LOG,46.72656,25.632268
Emimagricom,LOG,46.813414,24.979955
Cristalin,LOG,46.969203,22.856746
Explosiv Group Gheorgheni,LOG,46.714585,25.560424
Tomion,LOG,45.09924,23.6228
OS Telciu Depozit,LOG,47.436615,24.410431
Austro Somes Trading D. Huedin,LOG,46.855008,23.045116
Proiect Dinamic Logistic,LOG,47.651187,23.59678
Balint Imre Csaba,LOG,46.356587,25.964138
Vilagi Trans Comanesti,LOG,46.413183,26.470017
Saniral ,LOG,47.36138,26.27827
Rigeti,LOG,47.3577,26.2821
Ionut Alexandru,LOG,47.633324,24.44287
Divertis Deo,LOG,45.993803,26.8860733
Vor Zakone 2,LOG,47.684108,24.796736
Generaly Crys Trans Salatrucu,LOG,45.35734765,24.50389062
Darion Reghin,LOG,46.7803,24.7327
OS Comandau HOLOM,LOG,45.743008,26.358085
Crinanic Forest ,LOG,45.911343,26.924114
OS Valea Hategului Densus Hatagel,LOG,45.578218,22.824
Exploatarea Forestiera Temporar Filia,LOG,46.221943,25.623706
Danada PUI,LOG,45.5111545,23.094633
Lyadorforexpes Lepsa,LOG,45.970627,26.561307
Lavione Tex dep. temporar Belis,LOG,46.617957,22.95828
OS Ciobanus,LOG,46.435665,26.385825
Exploalis,LOG,46.735746,22.338607
Ronvex Wood Trans,LOG,47.511588,26.538715
Bancioiu Trans,LOG,45.677076,24.218896
OS Brosteni,LOG,47.179103,25.60704
OS Tazlau,LOG,46.720123,26.465509
Farahidi Com,LOG,47.653215,24.516805
Sabyval Wood Scheia,LOG,47.648367,26.188763
NicuBen,LOG,47.821292,24.451008
Alexforcam depozit Scheia,LOG,47.648367,26.188763
Silvgan,LOG,47.55352599,24.43653459
Maranatha Aiud,LOG,46.307355,23.733897
IF Turta Vasile,LOG,47.898338,25.589859
Popcrist Trans,LOG,45.149827,25.446073
Darimar Run,LOG,47.051075,25.490411
Austro Somes Trading Valea Draganului,LOG,46.82926,22.769535
Milinluc Soimi,LOG,46.680622,22.117299
Keviforest Delnita,LOG,46.415484,25.8282
Liliodendron Caseiu,LOG,47.2145163,23.864021
Depozit BKT Forest,LOG,47.553655,23.985642
BKT Forest,LOG,47.553655,23.985642
Palpitant Club,LOG,47.776249,23.923891
Marsinka Truck Leordina,LOG,47.782224,24.269697
OS Putna,LOG,47.869257,25.615494
Birsan Lemn Depozit 2,LOG,47.805321,24.041584
Dendrolemn,LOG,47.559797,24.433223
Floromin Dep Poiana Stampei,LOG,47.323637,25.138294
Euromilalex SRL,LOG,47.643112,24.538498
Moldfag Saba,LOG,47.532302,24.405468
Tobalis Deb,LOG,45.664472,25.406601
Sihar,LOG,47.596254,24.953494
Teomar Building,LOG,47.539777,25.657968
Exploami Ionut 2,LOG,47.681872,24.103805
Mimilaur,LOG,47.620029,25.107027
Moiseflar,LOG,47.654315,24.575512
OS Borsec  depozit Bistricioara,LOG,47.001467,25.623477
OS CRUCEA DEPOZIT LESU,LOG,47.322558,25.627525
Exploami Ionut SRL,LOG,47.637463,24.514775
Luca Trans SRL,LOG,47.784692,24.269975
Lacul Codrilor si Alredia Vidra,LOG,46.332485,22.483895
Depozit,LOG,45.855097,25.943187
Explosiv Group Remetea,LOG,46.79444,25.445279
OS Valea Hategului Ciula Mare,LOG,45.592612,22.82385
Erdarcom Ciucsangeorgiu,LOG,46.332041,25.965015
Sacel Depozit PDL,LOG,47.631795,24.46448
PDL Leordina,LOG,47.782522,24.263432
1Mari si Mada Depozit Zarnesti,LOG,45.56237,25.366853
Balindru Voineasa,LOG,45.412217,23.965959
Bae Forex Lemnia,LOG,46.085283,26.266617
Wood Explo Forest Dumitresti,LOG,45.56191169,26.89105677
Lemnplai,LOG,47.92384,25.62818
Lemnplai 2,LOG,47.93376,25.63499
Horber Mezies,LOG,46.655806,22.385834
Timlem,LOG,47.799998,23.742272
Euromilalex 2,LOG,47.654492,24.516917
OCT TRANS Chisindia,LOG,46.279549,22.08018
Austroforest  Depozit Prisaca Dornei,LOG,47.539533,25.658243
Nelprodex,LOG,46.992582,25.839157
Alin Mar Forest ,LOG,46.55225,26.465378
OS Bacau,LOG,46.33081,27.012634
Nim Prodcom,LOG,45.312714,24.511023
Timfel Trans,LOG,45.519492,22.378947
Way Serv Trans ,LOG,47.828408,24.21203
OS Valea Ierii,LOG,46.629456,23.307219
Rif Debit Fin,LOG,45.426405,25.248311
TIBLES CONSTRUCT ,LOG,47.498134,24.068696
SUSPENDAT Ema Silva Vintu de Jos,LOG,45.973416,23.462918
Dancris Lemn ,LOG,47.656034,24.618803
Danciu Danut,LOG,45.486387,26.257373
Banya,LOG,45.938862,26.262064
Nic Exploforest,LOG,47.915478,25.460654
Tracolemn,LOG,47.15778,25.821208
Povasid,LOG,46.855865,24.765553
Raly Forest ,LOG,46.64121,26.51359
Danada Forexpo,LOG,45.502344,23.115954
Blidari ,LOG,47.65185,23.593525
Expo Patrik Generaly ,LOG,45.35738635,24.50412998
Austro Somes Trading Seini,LOG,47.768619,23.29076
Ludfor Tau  temporar,LOG,45.69025,23.61861
Biaforest Sapanta,LOG,47.972075,23.699104
Dobra Albac,LOG,46.358737,23.040777
OS Borsec Dep Corbu,LOG,47.04303,25.62323
Gabrys ,LOG,47.5389442,25.5093065
Bamcot ,LOG,46.54276,26.11177
Silvacom Orlat,LOG,45.760408,23.962299
Exploatarea Forestiera,LOG,46.221963,25.623713
Tom Tara,LOG,45.447651,23.308684
Atlantis 2,LOG,47.661358,24.478313
Dancris Lemn 2,LOG,47.631455,24.260011
Grand Leo,LOG,45.289608,24.51781
Serotina Remeti Lesu,LOG,46.763887,22.564658
Nicofaiv 2007,LOG,46.161747,26.730831
Fagus Forest Prod,LOG,45.323662,25.994093
OS Tulghes 2,LOG,46.864095,25.68155
Saugib Brisev,LOG,45.767504,23.643689
Mirelana,LOG,47.196812,26.050701
Silvapil,LOG,47.578227,25.332903
Queen Spedition,LOG,45.564654,25.4586
CRYS MAR EXCLUSIV Vidraru,LOG,45.363868,24.626868
Steflucil Dep Vanatori,LOG,47.227395,26.270429
Madbra,LOG,45.269875,24.780784
Lemn Hyl,LOG,46.6719351,22.3616796
Luc For Construct,LOG,45.206009,26.851709
Ciciou Forest,LOG,47.837242,23.295601
Timlem,LOG,47.756157,24.174372
Soimul General,LOG,45.3152207,24.5105447
Mezsilv ,LOG,47.572541,25.093072
Viciland Forest ,LOG,45.304288,25.06914
OS Comandau Depozit Gyula,LOG,45.710369,26.307039
OS Borsec Depozit Bilbor,LOG,47.081956,25.488485
Galata Com,LOG,45.291648,26.035217
Nol Wood,LOG,46.7896191,24.7302678
Selemen Holzbau,LOG,46.426976,25.387375
Papi Dragos ,LOG,46.82771,26.138904
Forea Paltinis,LOG,46.499367,26.376379
RG Holz Company SRL,LOG,47.714416,24.439769
Motoc Trans Com,LOG,47.6791,25.54644
Explo Kedra,LOG,47.71023,25.610922
Liliodendron Dep Gura Glodului,LOG,47.146401,25.486951
Ratnyk Comanesti,LOG,46.424746,26.419845
OS Gura Humorului,LOG,47.618801,25.82991
Cosnicfor,LOG,47.59558,25.85979
Tutu Company Asau,LOG,46.548062,26.352624
OS Vatra Dornei Gura Haitii,LOG,47.192372,25.251362
OS Moinesti,LOG,46.475528,26.469896
Faraon Forest,LOG,47.719753,24.47455
Carmo Forest,LOG,46.54927,26.35288
OS Malini ,LOG,47.4196951,25.9199428
Leordina Depozit PDL,LOG,47.781888,24.265405
Austro Somes Trading Remeti temporar,LOG,46.775997,22.573703
Mimafor,LOG,47.455512,25.766114
RG Holz Company,LOG,47.698417,24.441675
Gatermag Company,LOG,47.576537,26.05334
Soimul General Suici,LOG,45.251187,24.53363
Biomasa Energy Lemn depozit Darmoxa,LOG,47.185002,25.552499
V G Forest,LOG,45.440539,26.309278
Tutu Company Asau 2,LOG,46.515657,26.363227
Marsik Wood Barcani,LOG,45.674988,26.061412
Silkamen Woods,LOG,46.203306,26.567327
OS Marginea,LOG,47.793207,25.770294
OS Marginea  depozit 2,LOG,47.839529,25.767166
OS Stulpicani depozit 2,LOG,47.466478,25.679339
Piu Com Asau,LOG,46.5018,26.373904
Vecovas Srl,LOG,47.540368,25.508346
OS Iacobeni Depozit,LOG,47.516489,25.220411
Alpina Iezer Forest ,LOG,47.064218,25.490989
OS Moldovita Depozit Argel,LOG,47.757458,25.433189
OS Comanesti depozit Comanesti,LOG,46.435466,26.386528
New Nick,LOG,47.073176,26.041186
Danada Sebes temp.,LOG,45.958777,23.552877
Luka Hom,LOG,46.534091,26.364033
Di Holz Consulting,LOG,47.1915764,25.8056748
Cetinita,LOG,47.877443,25.614916
Greifer,LOG,46.511899,26.366423
Rapid Forest OFFA,LOG,46.384119,26.166782
Mincospet,LOG,46.845011,26.14388
Elysab Green,LOG,47.369763,25.452554
OS Breaza,LOG,47.744716,25.18198
Twister Shop PetroDany Dragoiasa,LOG,47.154732,25.445041
Explosilva Paltinis,LOG,45.456554,26.368973
OS Toplita Depozit 1,LOG,46.851915,25.298188
Exploatarea Forestiera Vlahita,LOG,46.358758,25.547053
Lavina Silva Fruct,LOG,47.228406,26.091258
Copaco,LOG,47.722491,25.555184
OCT Trans Dej,LOG,47.132911,23.901105
OS Tarcau,LOG,46.841632,26.143878
OS Tulghes Fighes,LOG,46.857776,25.682466
Real Doc Forest Depozit Vintu,LOG,45.990559,23.50486
Vox Green ,LOG,45.291325,25.996134
OS Borsec Runculet,LOG,47.033605,25.630699
Steflucil Dep Boboiesti,LOG,47.265182,25.997428
Mir Transcom,LOG,45.505833,23.123652
Timlem 5,LOG,47.627335,23.80819
Turculet Srl,LOG,47.767138,25.446112
Mario Forest Rau Sadului,LOG,45.626503,24.059868
Darmex impex 2,LOG,46.423813,26.42253
Mario Forest Talmaciu,LOG,45.689999,24.252793
Rimbu Forest,LOG,47.881813,25.61762
NELUsiMIRE,LOG,45.598471,22.957534
Horvath Carbo SRL,LOG,46.497151,25.353592
Bradul,LOG,44.927738,21.674327
Fejer Depozit ,LOG,45.930776,26.266114
Radyx Prod,LOG,47.655252,24.521615
Aly Complet Turism,LOG,45.371141,25.169561
OS Miercurea Sebes,LOG,45.942001,23.555862
1Goraco ,LOG,45.60942,25.996203
Cadima ,LOG,47.4984694,23.243279
ProiectArt 2007 Jaristea,LOG,45.791842,27.076886
Liliodendron Saru Dornei,LOG,47.288032,25.367584
Diamel,LOG,47.562316,25.743152
Aleman Comp 1 Inchis,LOG,45.428273,23.943267
Flutur Forest,LOG,47.6896335,25.5387044
Silvapin,LOG,47.21176,25.27874
Trans Luky,LOG,47.534747,25.800107
Bocan Silva,LOG,45.858437,26.151916
Iliuta Forest Company,LOG,45.46315731,23.42006483
Tredilrom,LOG,46.789885,26.602298
Versay,LOG,45.1533755,22.4042305
Ocolasul Mare,LOG,46.89008,26.126694
Ulmusa Prod,LOG,46.042618,26.750904
Relfor ,LOG,45.67613,26.026796
Dancris Lemn 3,LOG,47.698932,23.977797
Comp. Danesti,LOG,46.517896,25.755127
Borospyn,LOG,47.206801,25.758725
Eldolemn Finisaj,LOG,47.65321,25.11276
Austro Somes Trading Lunca Visagului,LOG,46.82883,22.76975548
Chirut Min,LOG,47.5944,25.61931
Forest Arpad,LOG,46.389832,25.309792
Valcostmir,LOG,47.390838,25.744005
Caruselul,LOG,47.398109,24.381362
Forest Elaviv Valea Stanii,LOG,47.522755,25.202305
Poiana Construct House,LOG,47.3455726,25.1786644
Albin Tery Trans Paraul Mare,LOG,46.764168,25.002654
Agro Montana,LOG,45.98965,23.505092
RMT 2000,LOG,47.779873,23.94527
Oniroxy,LOG,47.615041,25.637914
Anicve,LOG,47.368207,26.251075
Caruntu Forest,LOG,45.192547,23.913123
Padurea de Argint,LOG,47.59135,25.59475
Fintina Stanchii 2,LOG,47.643084,24.716362
Bandi Industry,LOG,45.560964,25.769337
Razvan Termo NIc,LOG,46.76981952,24.96110642
Oltnicmont Forest,LOG,45.231,24.82629
Aby Yna,LOG,47.19748,25.81044
Floranel,LOG,47.1853481,25.7951964
Taf Com Temporar Tusnad,LOG,46.174018,25.958686
Forest CRV,LOG,47.6601,23.705466
Pin Faget,LOG,47.264737,25.713403
Foril 2,LOG,47.524788,25.465466
1Composesorat Terko Tomesti,LOG,46.573927,25.817968
Nicoforest,LOG,47.638033,25.524989
1RS Mih Forest,LOG,46.27231,26.64703
TN AGA 2003,LOG,45.560767,27.126302
1Colcern,LOG,46.457018,26.269864
Mitica Lemn 2,LOG,47.111566,25.840915
Real Doc,LOG,45.80391,25.83943
Real Doc Forest Depozit Aiud,LOG,46.307338,23.734063
Horezu,LOG,47.002297,25.851062
Timex Construct ,LOG,45.6109,22.94534
Prodimar Impex Dofteana,LOG,46.32009,26.54815
Ciresul Forest Sloniceni,LOG,45.032061,24.296672
Grigoroaiafor,LOG,47.41403,26.04394
Ducancea Forest,LOG,45.59703,26.13693
Fluand Impex,LOG,45.5285163,22.4493921
Dragomir Prod,LOG,47.1406955,25.8592586
Lemn Hyl,LOG,46.6719351,22.3616796
Silmanfor,LOG,47.576625,25.873821
TILIANIS GREEN WOOD ,LOG,47.892767,23.438358
Agora Grup Bilbor,LOG,47.066326,25.46295
Alex Cora,LOG,47.900746,25.606942
Grand Silver Star,LOG,46.760183,25.0334565
Stefan Forest Sebes,LOG,45.974078,23.56107
Keviforest Cinod,LOG,46.311816,26.074587
Mintim,LOG,45.458765,23.442152
Picmag,LOG,47.896891,25.586568
Silva Forest Company 2 ,LOG,45.67672,24.21385
Muguras,LOG,47.268068,25.655044
Temoka Remlis,LOG,47.833993,24.477163
Lemacomprod,LOG,46.3652,25.548006
Nicfordav SRL temporar Gresu,LOG,45.940317,26.462748
Danfelvalbia,LOG,47.26908,25.65354
Construct Trans,LOG,45.48575,26.25598
Nitadin,LOG,47.21626,25.75861
Silva Urs,LOG,47.87403,25.42918
EUROCIP IMP EXP 2 Valea Draganului,LOG,46.894073,22.8281
Anserda,LOG,46.663599,22.290044
Forest CJV,LOG,47.9085961,25.4630846
First Elia Tom 2 Calimanesti,LOG,45.2319195,24.3410771
Mimi Mimi 52,LOG,47.619261,25.10671
Trebia Com Service,LOG,47.596399,24.953094
Dany Yanis,LOG,47.1145959,25.9366441
Valdo Forest Industries,LOG,47.10605,26.24301
Blaga Expo,LOG,47.721505,24.467868
Balasz E. Forestier,LOG,46.23754,26.11296
Forcondor,LOG,47.165465,25.799788
Cris Tin Exim,LOG,45.944816,26.483734
Costi Simcom,LOG,47.509155,25.229862
Megastar 2006,LOG,47.170725,25.79605
Elforyou,LOG,45.654167,26.086667
Cont Forest,LOG,45.737175,23.986434
Dutu Impex,LOG,45.79117,26.15455
Intertrans,LOG,45.788968,26.13153
Trabodany Forest,LOG,45.947194,26.490481
Gazdabolt IG Impex,LOG,46.14163,25.61425
Elekes Forest SRL,LOG,46.656741,25.553564
Cris  Tin Exim SRL,LOG,45.945672,26.485857
Sandel Com,LOG,47.2609852,25.6858128
Damar Wood ,LOG,45.253687,26.365062
Mitmarcom ,LOG,47.146898,25.485906
Gabi Exploforest ,LOG,46.077248,27.069073
Imperial PG 2 Baru,LOG,45.4719346,23.1673776
OS Borsec Dep Corbu 2,LOG,46.999665,25.692284
Agavas Transfor,LOG,47.25343,26.036053
Valiforest depozit temporar,LOG,47.038539,25.951917
Carpatic Tabor,LOG,46.881871,25.443576
Aleman Comp 2 Leurda,LOG,45.40821,23.978875
OS Falcau,LOG,47.839018,25.303511
Simon Universal,LOG,46.74198,25.546052
Bandris,LOG,47.575317,25.07565
Montana Forest Dep Gradinita CFR,LOG,47.3411,25.06622
Stejaris,LOG,46.976745,25.712627
OS Teliu Depozit temporar,LOG,45.5698,25.9936
Team Wood Construct Romanesti,LOG,47.406073,23.646922
Regis,LOG,46.895278,26.429632
Montana Forest Dep Bistra Muresului,LOG,46.9607417,24.9082804
Montana Forest Dep Floreni,LOG,47.3594379,25.2220023
Montana Iugan Dep Valea Stanii,LOG,47.5333812,25.1842266
Geoval Silva Mar,LOG,45.250943,24.651829
Rar Forest Depozit 2,LOG,45.923587,26.681881
RPLP Piatra Craiului,LOG,45.588457,25.347058
Recea Forest,LOG,46.868993,25.675363
OS Borsec dep Valea Seaca,LOG,47.049862,25.670788
OS Stulpicani dep 3,LOG,47.442813,25.763445
Exploatari Longa,LOG,47.834185,24.47681
Comservforest SRL,LOG,45.3247,25.728
Expo Forest ,LOG,45.142636,25.79608
Vicfor Dep. Rasnov,LOG,45.5883719,25.43301
Cos Val,LOG,46.63688,26.38381
Alfadin Casva,LOG,46.7822704,24.8781964
DINFOREST Casva,LOG,46.7822704,24.8781964
Larici SRL,LOG,46.545431,25.34649
Ayline,LOG,47.214785,25.69323
Craciun Trans,LOG,46.5201,26.190331
Rugman Transport,LOG,47.000471,25.627679
Vexel Brebu,LOG,47.445409,26.005124
Hogiu Forest,LOG,47.205173,24.661893
Ovidiu Forest,LOG,46.505309,26.370383
Olds Vladeasa,LOG,46.86025145,22.8688577
Ioanis Forest,LOG,45.805546,23.622603
Gregoprom,LOG,47.425018,24.902095
Adigal,LOG,47.207933,24.860265
Sofieli Construct,LOG,47.219717,24.684303
Gyk Forest Serv,LOG,45.3945,25.5425
OS Toplita dep temporar 1,LOG,46.873872,25.28875
Sirva Tour Manastirea Casin,LOG,46.164087,26.730107
Omb Production,LOG,46.478474,26.557101
Petrowood,LOG,46.425743,25.386013
Gyula Trans,LOG,46.586282,26.052976
Crinex Ret,LOG,45.146593,24.839671
Lovflor,LOG,45.364772,24.40356
Fine One Forest Trans,LOG,45.256134,25.036401
Ynato Cri Adri,LOG,47.197257,24.640417
Ben Angi Vas,LOG,47.833465,24.47773
Triscastim,LOG,47.208862,24.864724
Sor Gim,LOG,47.200845,24.778121
Forpent Est ,LOG,47.210343,24.854127
Cipy,LOG,47.215063,24.847443
Montana Iugan Dep Anies,LOG,47.416189,24.767289
Viotrifan,LOG,47.213207,24.691166
Carex,LOG,45.881539,25.798209
Timbut River Vulcanescu,LOG,47.598211,24.930483
Timbut River dep Borsa,LOG,47.63934,24.72844
Silva Anima Depozit Vintu de Jos ,LOG,45.990559,23.50486
Stalexana Forst,LOG,47.24862,26.050548
Fagmores Impex,LOG,47.455786,24.383314
Rapid Forest Depozit 3,LOG,46.350199,25.446111
Rhododendron,LOG,47.156447,24.961409
OS Borsec dep Paraul Savului,LOG,47.00413,25.666113
Forest Pragmatic Praid,LOG,46.557703,25.102847
Fagmores Impex Romuli,LOG,47.547014,24.437483
Austro Somes Trading D. Cheia,LOG,45.4849,25.9214
Palidia Forest D. Comarnic,LOG,45.227796,25.637448
Explo Cheia Rucar D. Sinca,LOG,45.69346127,25.16035783
Ulmusa Prod Dep. Temporar,LOG,46.014493,26.683437
Costi CBN,LOG,45.423544,23.358633
1Fortur Prod Dep. Rasnov,LOG,45.548855,25.497257
Ciresul Depozit Babeni,LOG,44.9531689,24.2382747
Selemen Holzbau Baile Chirului,LOG,46.300261,25.582341
Selemen Holzbau Padure Varsag,LOG,46.564498,25.339466
Timlem Sisesti,LOG,47.627186,23.808205
Green Golden Tur ,LOG,47.356786,24.988429
Ionex Acva Prod,LOG,45.195109,24.662831
Depozit Green Golden Tur,LOG,47.356786,24.988429
Lavione Tex Sovata,LOG,46.575586,25.079223
Fero Lemn Plast,LOG,46.338922,25.345637
Manelemn Dep. Intorsura Buzaului,LOG,45.677322,26.035253
Cerbul Montan,LOG,45.3630251,25.1675721
Transalpin 2008 ,LOG,45.159637,23.379169
Cov Spedition,LOG,45.042165,24.164212
Ovedex Invest,LOG,45.364605,24.008966
Denidari Trans dep Sandominic,LOG,46.571641,25.795754
Cioplei Forest,LOG,45.371141,25.169561
Transcojo ,LOG,47.865488,25.365538
Condimob Dep. Vulcan,LOG,45.635531,25.429378
Sebastian Industries,LOG,45.380094,24.719461
1Liban Forest ,LOG,46.580459,25.790396
Explopin Stana de Vale,LOG,46.6900633,22.5915452
Danmirlemn Prod,LOG,47.572259,24.412194
Albo Expo Trans,LOG,45.6358685,24.2590395
OS Comandau Dep. Papauti,LOG,45.775288,26.207693
Danmirelemn Prod Srl,LOG,47.572259,24.412194
Reeatib,LOG,47.763458,25.460506
Ovi Trans Fruct Montan,LOG,46.179563,22.7112508
Buna Natura Trans ,LOG,46.179423,22.711065
Aldona Trans Serv,LOG,45.83193398,22.9597515
Wood Bradu CO Dep. Capu Corbului,LOG,47.00048926,25.6276963
Putna Center Dep. Hagota,LOG,46.87067081,25.68207417
Dany Impex SRL Dep. Vlahita,LOG,46.36065123,25.54567926
Total BSF Eutrotrans,LOG,45.234217,25.02255
Rapid Forest Depozit Saros,LOG,46.318788,26.113877
Sesuri Molid,LOG,47.5962659,24.952961
Costi CBN Valea de Brazi,LOG,45.32248,23.096849
Geoval Silva Mar 2 Poienile Valsanului,LOG,45.3797213,24.7193965
Casico Conflemn ,LOG,45.1221214,24.8500901
Caty Dany Forst,LOG,45.58208,25.264783
Petrecica,LOG,47.841382,24.491533
Corola Eufrat SRL,LOG,45.3735964,25.1692994
Forest Pragmatic Mures,LOG,46.960979,24.907509
Dani Transport 2002,LOG,45.085529,24.8622619
Larix For,LOG,45.7598,25.64616
Danborcom,LOG,46.784291,24.790083
Vor Zakone 3,LOG,47.689784,24.733482
Cerbul Montan 2 Valea Argesului,LOG,45.339603,25.126624
Forest Land 2 Baraj Dragan,LOG,46.792611,22.716319
Szanto Veto ,LOG,46.38075624,25.3567898
1Mancor,LOG,45.70072351,25.46138736
Mar Davit,LOG,47.764729,25.271799
MARBLET EXPLO,LOG,47.684308,24.71265
Tesnita Prod Lemn,LOG,47.3730449,25.1512996
Logis Safe,LOG,46.973683,24.947182
Business Taurs,LOG,47.829402,24.399412
Asirex Musatesti,LOG,45.216735,24.779449
Agrozooindustriala,LOG,46.274853,22.33842
Brat Valms Service Tur,LOG,46.901034,24.80725
Robifor 2,LOG,46.492519,26.215709
Otto Silva Srl,LOG,47.4501878,24.885012
Vasimoli Silv Dep. Comarnic,LOG,45.221895,25.644723
Transforestcom,LOG,46.83974,25.90958
Vasimoli Silv ,LOG,45.221895,25.644723
Tehnoster Compact,LOG,45.476766,26.417093
Dany Lily Srl,LOG,47.257639,25.374448
Forest Land 3 Valea Ierii,LOG,46.604454,23.281974
Licandra Top,LOG,47.045356,25.490942
OS Falcau dep Tinosu,LOG,47.860804,25.299726
Woodbiz Forest Dep. Onesti,LOG,46.23442,26.73775
Lavione Tex Dep Lunca Bradului,LOG,46.954448,25.102327
Lavione Tex Lunca Bradului,LOG,46.954448,25.102327
Andromeda Pipirig,LOG,47.259667,26.000374
Dor Invest SRL,LOG,46.40769724,26.4616744
Lemn Logistic SRL,LOG,46.2684047,25.88317019
Pricoforest dep Targu Neamt,LOG,47.20881,26.413747
Royal Harvest SRL,LOG,45.67263283,26.01785252
Petmarks,LOG,47.525901,25.585246
Hanifa,LOG,45.75372,27.06425
Szabo Ikrek SRL,LOG,46.814618,25.507478
Nicdal,LOG,47.146279,25.486781
Dandafir dep. Dumitresti,LOG,45.55746,26.909261
Flob dep Argestru,LOG,47.368052,25.344875
Tim Gabriel Forbut,LOG,47.5976244,24.9608832
Dampi Pallets dep Argestru,LOG,47.372661,25.330208
Costi CBN Ponor,LOG,45.503337,23.118316
Costi CBN Hobita,LOG,45.4706534,23.0813821
Longa Explo Forest ,LOG,47.821572,24.449952
Longa Explo Forest ,LOG,47.821572,24.449952
Longa Explo Forest ,LOG,47.821572,24.449952
Silwald Proces,LOG,47.23612,26.07844
Kafor Padure,LOG,46.50989,25.314385
Keviforest Padure,LOG,46.2904,25.732092
Beloma Forest dep. Sandominic,LOG,46.58801,25.7776
Medix SRL,LOG,46.22428191,26.10448324
OS Marginea dep Soarec,LOG,47.774113,25.756372
Ionut Alexandru 2,LOG,47.632267,24.505958
Silvacom Saliste,LOG,45.799639,23.902428
Costica Company dep Capu Corbului,LOG,47.033856,25.631318
Anystef ,LOG,47.260091,26.034381
Globalserv Interwood,LOG,47.642335,24.583677
Opriavas SRL,LOG,45.95305524,26.49308635
Transforest Mis Baiesti,LOG,45.540568,23.008115
Luputrans 2,LOG,46.78151,24.730883
Nation Timber,LOG,47.760622,25.453396
Vor Zakone Viseu,LOG,47.7209,24.468859
Forest Gabyani ,LOG,47.1602357,25.8201945
Aida Best Construct Saliste VL,LOG,45.3534459,24.1296268
Mihral Business Oil,LOG,45.2210009,24.9442143
Ionesim Forest,LOG,45.76361,23.97838
Taszko Patak SRL,LOG,46.49722252,25.35351312
Liamold,LOG,47.52798,25.43337
Olar Trans Forest SRL,LOG,46.93504506,25.7499275
Expo Patrik Generaly 2 Curtea de Arges,LOG,45.1727226,24.6799164
Adriforest Top 2020,LOG,47.537364,25.382357
Productie Vinzare Nely dep. Zagon,LOG,45.77106458,26.11457369
Runcan ,LOG,47.238037,25.282422
Iulinel SRL,LOG,45.91166,26.92421
Vor Zakone CFF,LOG,47.714986,24.44073
Forest Land 4 Poarca,LOG,46.588549,23.625564
Rocosma,LOG,47.72666,23.78393
Betti Com Sandominic,LOG,46.571655,25.795452
Silva Anima Aiud,LOG,46.307338,23.734063
Tob Sax Poiana Marului,LOG,45.6139883,25.2938574
Bae Forex Targu Secuiesc,LOG,45.989733,26.134487
Ady Speed ForestLzr,LOG,45.26050913,24.52331196
Danada Forexpo PETRILA TAIA,LOG,45.456142,23.417312
Wolfex,LOG,45.349959,24.019839
Kady Forest Sib ,LOG,45.678926,24.334736
Marsilforest Vintu de Jos,LOG,45.9888678,23.5059644
Deralmat,LOG,47.283753,25.365372
Tavmet Exploatari Forestiere,LOG,46.493604,22.472858
Adelmur SRL,LOG,45.66766,26.056545
OS Geoagiu Depozit,LOG,45.902415,23.211216
OS Fantanele,LOG,46.656761,26.81264
Forest Funghi Bucova,LOG,45.513813,22.617977
Ganima Forest Tarcaia,LOG,46.648245,22.353879
BMG Transforest SRL,LOG,45.7915912,23.1997431
Piu Com,LOG,46.278152,26.597661
Dobos Talmaciu,LOG,45.669496,24.264466
Forest CRV dep 2,LOG,47.652115,23.600277
Pastravaria Izvorul Bratiei Autobaza,LOG,45.2240657,24.9484198
Florentina Iuli,LOG,47.5222843,25.2017893
Marytrans Cis Sadu,LOG,45.677098,24.225593
Dumitru Cofa,LOG,47.689412,24.732123
Hordouanu Impex,LOG,47.644715,24.713546
Des Lemn Scoreiu,LOG,45.755636,24.524279
Dancris Lemn Cisla,LOG,47.685623,24.791238
Palidia Forest Azuga,LOG,45.441009,25.575268
Selemen Holzbau Feketepatak,LOG,46.33182504,25.62655395
Forlemnman ,LOG,46.837204,22.640028
Sedomin Trans Breaza,LOG,45.18857455,25.66604749
Fagmores  Impex Spermezeu,LOG,47.29732487,24.16039638
Oprea Iuli Forest ,LOG,46.18438796,26.93330645
G.N.D.SLAVY,LOG,45.3116022,25.1674499
Lemn Logistic Sipos Sandominic,LOG,46.689881,25.777044
Ioanis Forest Dobra,LOG,45.757569,23.662727
Valcostmir 2,LOG,47.375214,25.721095
Rapid Forest Sacele,LOG,45.58288955,25.705854
Sibisel,LOG,46.613804,22.469562
Feromat Bujoreni,LOG,45.146653,24.369168
Secu,LOG,47.661862,24.141657
Tomoiaga Complex Tour,LOG,47.653795,24.565295
Silvcor Forest,LOG,46.42123135,26.42168339
Forest Land 5 Taul Dobrusului,LOG,46.628118,23.044218
Silva Anima Sebes,LOG,45.971505,23.55799
Forest Bla,LOG,47.459738,26.147476
Kosz Dobos Vilmos,LOG,46.59385065,25.7792137
Monro Forest,LOG,46.38086736,25.74290854
Dobandi Fa,LOG,46.499568,25.746632
Expotrans Lyk ,LOG,47.04549312,25.49226872
Vag Oil SRL,LOG,45.952,26.55628
HS Timber Productions Reci,LOG,45.854021,25.943857
Alexrin Com,LOG,46.803781,22.198981
Agregate Paltinis,LOG,47.278495,25.377735
Etcu Best Grup,LOG,47.760315,25.852283
Marblet Explo 2,LOG,47.716952,24.447633
OS Rasca,LOG,47.353487,26.195711
Comisul Rucar,LOG,45.57299591,25.21757114
Wood Forest Spedition,LOG,45.4051869,25.1897171
Danlivtrans Expl,LOG,46.9741691,24.9682767
Victoria Grup 99 SRL,LOG,45.344315,23.181271
Florentina Iuli 2,LOG,47.511991,25.23033
Iul  Mar Forest SRL,LOG,45.71881233,27.05527473
Mitmar Forest,LOG,47.1465305,25.4865248
Real Doc Forest Depozit Garda de Sus,LOG,46.459974,22.826346
Danisebfor,LOG,47.762265,25.274847
Sebastian Industries Valea cu Pesti,LOG,45.406692,24.649227
Sebastian Industries Zimbru,LOG,45.405879,24.639272
PDL Radauti,LOG,47.85421268,25.96863946
Silva Anima Intorsura Buzaului,LOG,45.6653252,26.019186
Explo Ruica Cris,LOG,46.7800572,24.9287648
Productie Voina,LOG,46.035794,26.059136
Razvan Termo NIc 2 - Isticeu,LOG,46.766776,24.968251
Bobeica Srl,LOG,47.748951,25.183399
Laszlo Levente,LOG,46.58052,25.792223
Salcomex Prod,LOG,45.169366,24.667608
Radan Serv Rastolita IOD,LOG,46.973989,24.977479
Bellaberg Impex SRL,LOG,47.06452,22.236534
Vladiana CF359 Stancesti,LOG,46.58918,22.517393
Vladiana nr52B Stancesti,LOG,46.5871642,22.5178854
Foristom Birtin,LOG,46.157191,22.637555
Raduant Brod,LOG,47.761716,25.273885
Lavione Tex Calatele,LOG,46.777218,23.005137
Aida Best Valea Soimu,LOG,46.535188,23.168997
Transdragos Bucovina,LOG,47.278157,25.378596
Auto Den Forest,LOG,46.961051,24.905555
Seby Trans,LOG,45.760271,23.978364
Lorenmar,LOG,47.36513,26.245578
Explofuniculare,LOG,47.36543,24.86664
Ticva Trans Forest,LOG,45.497068,26.435468
Foristom Poienii de Jos,LOG,46.612655,22.485386
Aida Best Stana de Vale,LOG,46.689765,22.609739
Vag Oil Dep. Lepsa,LOG,45.9516,26.5734
Altemin Dep. Brosteni,LOG,47.2636111,25.6568112
Cosm SRL,LOG,45.345172,24.2240939
Explo Cheia Rucar dep. Rucar,LOG,45.37328,25.16888
Csont Forest,LOG,46.815534,25.509828
Minagat,LOG,47.72639,25.52364
Sevastian & Betrieb,LOG,47.576275,24.424817
Agrov Unelte,LOG,45.56095,27.12582
Austro Somes Trading Valea Stanei,LOG,47.551225,25.165408
Sorinela,LOG,45.3643017,24.2099015
Foristom Vintu de Jos,LOG,45.973358,23.462318
Exploalis Lunca Visagului,LOG,46.79876,22.744536
Talexpert Forest  Mestera,LOG,46.96848,25.194872
1Csont Forest,LOG,46.815534,25.509828
PDL Gura Humorului,LOG,47.553992,25.936722
Piu Com dep. Comanesti,LOG,46.41008,26.47339
Stefion Trans Dep. Fagaras,LOG,45.8373,25.00472
Timbergic,LOG,47.87019,25.982795
Bisforest,LOG,47.043805,25.957919
Paviforest,LOG,47.096202,25.9579534
Paraul Mare SRL,LOG,45.344235,24.215333
Lanad Impex,LOG,45.1712436,23.8017317
Obstea Mosnenilor Greblesti,LOG,45.4664482,24.3179226
Magdefrem,LOG,47.762888,25.459282
Forest Land 6 Vojoita,LOG,46.553227,23.07165
OS Pui,LOG,45.520531,23.082996
Ioanis Forest Sebes,LOG,45.9602,23.528931
Raul & Carla SRL,LOG,46.760231,25.031278
Austro Somes Trading Vatra Dornei,LOG,47.346954,25.368265
ACAM Ela Prosper,LOG,45.419387,23.419056
Pavion Forest SRL,LOG,45.146666,23.805555
Crivas Translemn SRL,LOG,46.956285,24.895741
Danada Forexpo URICANI,LOG,45.322739,23.097207
Valiluc SRL,LOG,46.689296,22.585539
Erdatim,LOG,46.333,25.96481
Valetti Dep. Gresu,LOG,45.95267297,26.52436203
Altfor-Eia Mestera,LOG,46.966723,25.19724
Gavriliu Forest SRL,LOG,47.24007,26.071539
Vfvul SRL,LOG,46.745183,23.379194
HS ERFOLG STL,LOG,47.5261539,25.5865312
Lemn Design Kreativ SRL Dep. Remetea,LOG,46.7943,25.4458
Dacofors Construct,LOG,45.649571,25.770605
Silvafor Wood dep. Moinesti,LOG,46.4765,26.4695
Miru Lemn Forest,LOG,45.497341,26.435349
Lotus AE SRL,LOG,45.292305,25.119336
Selemen Holzbau Tusnad,LOG,46.208183,25.908502
Lordinforest,LOG,45.85802,26.181521
Lyador Forexpres Babovici,LOG,45.9391,26.4607
Andy Lemn Prest,LOG,45.322278,26.356247
Austro Somes Trading Valea Ierii,LOG,46.605142,23.283331
Daianic Forest SRL,LOG,46.843716,22.279846
Dia Complast,LOG,46.9958,25.8448
Dorina Radu,LOG,47.701094,25.495278
Roven Martes Dep. Babarunca,LOG,45.51477,25.844938
Tafidus Ana Forest,LOG,45.22206624,24.82715012
Oli Dep Wood Forest SRL,LOG,46.97135736,25.14752539
Incomixt Dep. Balan,LOG,46.669888,25.797677
Duo Sir Forest,LOG,45.480021,26.261113
Adrybet Ama,LOG,45.452607,26.334081
Prodfor SRL,LOG,45.4248324,26.302866
Mont Magura,LOG,47.690597,24.742683
Alexei VPR,LOG,47.646769,25.311973
Silvaban,LOG,45.67156,26.0578
Sebastian Industries Dobroneagu,LOG,45.400006,24.713601
Sebastian Industries Baraj Valsan,LOG,45.40921,24.70797
Cumintenia Pamantului Aiud,LOG,46.307399,23.733845
Cumintenia Pamantului Vintu de Jos,LOG,45.988908,23.502048
Marsinca Truck Somesu Rece,LOG,46.7063038,23.3345704
Elmarservice PMM SRL,LOG,46.676218,25.795113
Nystraforest SRL,LOG,47.699194,25.519955
Aida Best Musatesti,LOG,45.216735,24.779449
Marin Wald Pluton SRL,LOG,47.200128,26.010708
Lala Lac,LOG,47.76951,25.17243
Danaxy International,LOG,47.551329,25.671134
Aschedany(Oita),LOG,47.498915,25.268545
Effer Com 2,LOG,47.257915,25.366557
Crirad Logistics,LOG,47.306452,25.139653
Asig Transport Baisoara,LOG,46.587844,23.445781
Total BSF Sinca temporar,LOG,45.698924,25.175161
Forest CJV 2,LOG,47.867477,25.343447
Forest Pragmatic -Cormaia,LOG,47.3773537,24.6919922
Aida Best Construct dep Maneciu,LOG,45.291966,25.978665
Trei Brazi,LOG,45.28194,25.038203
Forest Gabyani Sabasa,LOG,47.1828,25.78964
Dumirob Construct SRL,LOG,45.75265,27.05707
Romforest Serv,LOG,46.417027,26.456267
Sangeosilv,LOG,47.47171,24.959411
Raul Nord Srl,LOG,47.225808,24.767373
OS Dobra,LOG,45.918563,22.573105
Rich Estwood,LOG,45.859685,27.1566
Green Forest Turism-Sieu,LOG,46.99957,24.61824
Energy Trans,LOG,46.916497,26.1872697
Flavidor Silva,LOG,46.823904,24.910863
Lavione Tex-Depozit Stanceni,LOG,46.9675,25.193888
Nicofaiv Dep. Oituz,LOG,46.1615,26.5655
Altfor-Eia Gura Haitii,LOG,47.21202,25.279063
Alex Creuco Forest,LOG,47.763033,25.272751
Leonard Forest,LOG,47.762717,25.270095
Ovi-Mus Trans SRL,LOG,47.283467,25.641301
ESR Total Vultureasa,LOG,45.34405977,24.21533754
Anemone Alpina,LOG,47.6533145,24.2754473
Real Doc Forest Arieseni,LOG,46.47664,22.75246
Ciador Beauty Center,LOG,47.3635406,25.4392524
Altfor-Eia Ortoaia,LOG,47.331938,25.465348
Nicofaiv 2007 Onesti,LOG,46.253811,26.799562
Pop Forest Vladeasa SRL,LOG,46.794077,22.833152
Nel Dor,LOG,46.973913,24.965368
Lar Mont Fab Budureasa,LOG,46.68944,22.585594
Erv Trans,LOG,46.976639,25.812235
Gabi Bois dep Poiana Micului,LOG,47.658026,25.76874
Explo Transwood,LOG,47.7577058,25.4350324
Trans Wood Bic SRL,LOG,47.526022,25.450728
Aschedany dep Bobeica,LOG,47.743669,25.1801857
Martriplex-Rosu 1,LOG,47.7654357,23.8037978
Biacris Cafe Bilbor,LOG,47.0578618,25.4895942
Oana Topmar Sylv,LOG,46.849074,25.92418
Rapid Forest dep temporar,LOG,45.776255,26.302133
Explo Bradu Mia,LOG,47.06578,25.46633
Zaheli Wood SRL,LOG,47.5378997,25.5008734
Dany Baswood SRL,LOG,47.596138,24.953689
Anserda Suncuis,LOG,46.676144,22.27032
Jupania,LOG,47.684399,24.712847
Benefic Cult,LOG,47.6568751,24.61725
Tutdeea Forest Srl,LOG,47.5590666,24.4339307
TRANS AUTO AEX,LOG,45.4195,26.3075
Toexfor,LOG,46.960472,24.906141
Toto Invest SRL,LOG,46.410922,26.452932
Gyorgy L Tibor Dep. Siculeni,LOG,46.4423,25.75048
Mirelana dep Pluton,LOG,47.199873,26.011391
Bisforest Dep. Hangu,LOG,47.0585,26.0344
Fordani Blidaru Srl,LOG,47.3094245,24.7847912
Forexport Vrancea Dep. Brosteni,LOG,45.757061,27.04968
Asoc Comp Sandominic,LOG,46.571562,25.794983
Migab Forest Dep. Busteni,LOG,45.38001,25.5398
Silvapin Dep. Ortoaia,LOG,47.3315,25.4661
Timbut River Lunca Visagului,LOG,46.79968,22.746699
Valiluc Dobresti,LOG,46.839795,22.279731
TCA Danylys,LOG,47.1912319,25.8051145
Rad Modusu Lemn,LOG,45.498161,22.66086
Lemn Logistic Dep. Remetea,LOG,46.7942489,25.44556
Saropaulino,LOG,45.8115,26.7798
Andrey Wood SRL,LOG,46.203513,26.661573
Larici Dep. Tisztas,LOG,46.53846,25.345998
Gregoforest Sant,LOG,47.4634625,24.9316139
Good Forest Valea Visagului,LOG,46.836884,22.776663
Dor Forest SRL,LOG,47.09584,25.977218
Foresl Land 7 Valcele,LOG,46.691138,23.627581
OS Targu Ocna Dep. Dofteana,LOG,46.3205,26.5435
Il Mat SRL,LOG,46.937224,26.090808
Monaco Impex Dep. Temporar Babovici,LOG,45.9388,26.4605
Vlad Stejarelul -Dragomire?ti,LOG,47.653197,24.2751884
Filaret Forest,LOG,47.656219,24.610571
Monro Forest dep. temporar Santimbru,LOG,46.2551,25.814
Kolozsi Fenyo SRL,LOG,46.871515,25.682106
Transfacom,LOG,45.71256,25.7832
Gabi Bois dep Gura Humorului,LOG,47.576545,25.873761
Wald Mit,LOG,45.444461,22.193756
Foristom Stei,LOG,46.544676,22.472586
Big Exploatare Gilau,LOG,46.743946,23.388353
Total BSF Eurotrans Dep. Zarnesti,LOG,45.5815,25.1935
Harmony BSF Dep. Azuga,LOG,45.4815,25.6435
Keviforest Dep. Sanmartin,LOG,46.2712,25.92685
Dragoi Silvip SRL,LOG,47.161683,25.8161076
Best Wood Trading Srl,LOG,47.238139,25.281617
Monaco Impex dep Poiana,LOG,45.87764,26.75582
Zso Lo Forest,LOG,46.822195,25.5372956
Tudo Build,LOG,47.21592,24.748911
Capota Traian II,LOG,46.792646,22.71651
Alba Iulia Fenes,LOG,46.0930785,23.2996882
Aida Best Patringeni,LOG,46.0897019,23.2674704
Dixi Valean Trans SRL,LOG,46.974319,24.978422
Simcofor,LOG,47.87736,25.61856
OS Maneciu,LOG,45.353171,25.946469
Forestmarc Serv,LOG,45.880362,26.809118
Telci Molid-Rebrisoara,LOG,47.286958,24.477017
Leotrans Pipirig SRL,LOG,47.225893,26.276138
Foresta Cercanel,LOG,45.520954,22.402211
Marghelex Trans Srl,LOG,46.97226,24.990068
OS Brates,LOG,46.80834,26.14532
OS Targu Neamt,LOG,47.210562,26.339296
Expo Patrick dep temporar,LOG,45.45642,24.63212
Baza Exp Tomnatic,LOG,47.700319,25.490643
Surforest,LOG,47.9374,23.917123
M&A Trade Co,LOG,45.45631,26.368186
RPLP Piatra Craiului dep Tohanu Vechi,LOG,45.578181,25.375772
OS Brates 2,LOG,46.712243,26.19571
Cristcostela SRL,LOG,47.600507,25.857301
Costica & Compani dep FN,LOG,46.978042,25.410298
